Cluster,Count,Recency_mean,Frequency_mean,Monetary_mean,Recency_median,Frequency_median,Monetary_median
1,1667,25.88362327534493,8.440311937612478,4548.258416916617,16.0,6.0,2064.95
0,2671,134.13515537251965,1.6705353800074878,497.73909509546985,96.0,1.0,363.88
